cluster,n,mean,std,q25,median,q75,k
0,214,12.58144192256342,0.8326450313405125,12.0,12.571428571428571,13.142857142857144,2
1,46,18.60248447204969,2.919465214203062,16.285714285714285,17.0,20.5,2
0,212,12.555256064690028,0.7910224472957325,12.0,12.571428571428571,13.142857142857142,3
1,29,16.438423645320196,0.8017210300554529,16.0,16.285714285714285,16.571428571428573,3
2,19,21.56390977443609,2.163641888737507,20.07142857142857,20.857142857142858,22.714285714285715,3
0,100,11.857142857142858,0.4517539514526258,11.571428571428571,12.0,12.285714285714286,4
1,112,13.178571428571429,0.4199037703083601,12.857142857142858,13.142857142857142,13.571428571428571,4
2,29,16.438423645320196,0.8017210300554529,16.0,16.285714285714285,16.571428571428573,4
3,19,21.56390977443609,2.163641888737507,20.07142857142857,20.857142857142858,22.714285714285715,4
